# Table showing the impact of removing gaps then realigning sequences after running CIAlign under stringent, moderate and relaxed settings, calculated as the sum of pairs score between the original cleaned alignment and the realigned version
# Simulation: Simulation ID
# Simulation Tool: EvolvAGene or INDELible
# Number of positions: total number of positions in the alignment
# Alignment_Tool: Software used to align the sequences
# CIAlign_Stringency: CIAlign stringency - relaxed, moderate or stringent settings as listed in Supplementary Table 2
# Sum_of_Pairs_Score: Sum of pairs score comparing the original alignment cleaned with CIAlign to the alignment after removing gaps and rerunning the alignment software
#
Simulation	Simulation_Tool	Alignment_Tool	CIAlign_Stringency	Sum_of_Pairs_Score
1	EvolvAGene	mafft_local	Stringent	0.9906418874390404
1	EvolvAGene	mafft_local	Moderate	0.9925259181869324
1	EvolvAGene	mafft_local	Relaxed	0.9985551390190566
1	EvolvAGene	mafft_global	Stringent	0.9927309573108948
1	EvolvAGene	mafft_global	Moderate	0.993348651590277
1	EvolvAGene	mafft_global	Relaxed	0.9935476302205536
1	EvolvAGene	muscle	Stringent	0.9979716024340772
1	EvolvAGene	muscle	Moderate	0.9974985879125312
1	EvolvAGene	muscle	Relaxed	0.998199679073226
1	EvolvAGene	clustal	Stringent	0.9542634000213972
1	EvolvAGene	clustal	Moderate	0.9405532901575118
1	EvolvAGene	clustal	Relaxed	0.9308333659529496
2	EvolvAGene	mafft_local	Stringent	0.9969878275221786
2	EvolvAGene	mafft_local	Moderate	0.9973873802549283
2	EvolvAGene	mafft_local	Relaxed	0.9974262985493684
2	EvolvAGene	mafft_global	Stringent	0.9969797269342159
2	EvolvAGene	mafft_global	Moderate	0.9971014492753624
2	EvolvAGene	mafft_global	Relaxed	0.9940733809022496
2	EvolvAGene	muscle	Stringent	0.9977725529018686
2	EvolvAGene	muscle	Moderate	0.9978624866405416
2	EvolvAGene	muscle	Relaxed	0.9978944905836942
2	EvolvAGene	clustal	Stringent	0.9477979168375296
2	EvolvAGene	clustal	Moderate	0.94952880406924
2	EvolvAGene	clustal	Relaxed	0.94952880406924
3	EvolvAGene	mafft_local	Stringent	0.992610120131052
3	EvolvAGene	mafft_local	Moderate	0.992610120131052
3	EvolvAGene	mafft_local	Relaxed	0.992610120131052
3	EvolvAGene	mafft_global	Stringent	0.9989807062249728
3	EvolvAGene	mafft_global	Moderate	0.9989807062249728
3	EvolvAGene	mafft_global	Relaxed	0.9989807062249728
3	EvolvAGene	muscle	Stringent	0.9993078828500656
3	EvolvAGene	muscle	Moderate	0.9993078828500656
3	EvolvAGene	muscle	Relaxed	0.9993078828500656
3	EvolvAGene	clustal	Stringent	0.9761800593067912
3	EvolvAGene	clustal	Moderate	0.978052076105613
3	EvolvAGene	clustal	Relaxed	0.978052076105613
4	EvolvAGene	mafft_local	Stringent	0.9969689207650272
4	EvolvAGene	mafft_local	Moderate	0.9962195073421148
4	EvolvAGene	mafft_local	Relaxed	0.9962195073421148
4	EvolvAGene	mafft_global	Stringent	0.9966288299052658
4	EvolvAGene	mafft_global	Moderate	0.9959027805401964
4	EvolvAGene	mafft_global	Relaxed	0.9959027805401964
4	EvolvAGene	muscle	Stringent	0.9978235821277686
4	EvolvAGene	muscle	Moderate	0.9970156380565836
4	EvolvAGene	muscle	Relaxed	0.9970156380565836
4	EvolvAGene	clustal	Stringent	0.9540383406662476
4	EvolvAGene	clustal	Moderate	0.9338915122415776
4	EvolvAGene	clustal	Relaxed	0.9338915122415776
5	EvolvAGene	mafft_local	Stringent	0.9984808943247769
5	EvolvAGene	mafft_local	Moderate	0.9942212016838884
5	EvolvAGene	mafft_local	Relaxed	0.9963003510891312
5	EvolvAGene	mafft_global	Stringent	0.9978943263794112
5	EvolvAGene	mafft_global	Moderate	0.9978942532256212
5	EvolvAGene	mafft_global	Relaxed	0.9987910385734255
5	EvolvAGene	muscle	Stringent	0.9930956467467624
5	EvolvAGene	muscle	Moderate	0.9924143743774424
5	EvolvAGene	muscle	Relaxed	0.9929739734824158
5	EvolvAGene	clustal	Stringent	0.9316911612502587
5	EvolvAGene	clustal	Moderate	0.9523934771173068
5	EvolvAGene	clustal	Relaxed	0.9486275686215688
6	EvolvAGene	mafft_local	Stringent	0.9922093981863148
6	EvolvAGene	mafft_local	Moderate	0.9924632927210246
6	EvolvAGene	mafft_local	Relaxed	0.992608762254902
6	EvolvAGene	mafft_global	Stringent	0.9987182667658976
6	EvolvAGene	mafft_global	Moderate	0.9982768073940628
6	EvolvAGene	mafft_global	Relaxed	0.9985789999231892
6	EvolvAGene	muscle	Stringent	0.9931727904667328
6	EvolvAGene	muscle	Moderate	0.9913749166895364
6	EvolvAGene	muscle	Relaxed	0.9947396713254492
6	EvolvAGene	clustal	Stringent	0.9589390258473056
6	EvolvAGene	clustal	Moderate	0.9569324812447902
6	EvolvAGene	clustal	Relaxed	0.9541362062331666
7	EvolvAGene	mafft_local	Stringent	0.9985381212984482
7	EvolvAGene	mafft_local	Moderate	0.9985435805511989
7	EvolvAGene	mafft_local	Relaxed	0.9985435805511989
7	EvolvAGene	mafft_global	Stringent	0.9918941336148394
7	EvolvAGene	mafft_global	Moderate	0.99301665546344
7	EvolvAGene	mafft_global	Relaxed	0.99301665546344
7	EvolvAGene	muscle	Stringent	0.9991368958270791
7	EvolvAGene	muscle	Moderate	0.9991401226259908
7	EvolvAGene	muscle	Relaxed	0.9991401226259908
7	EvolvAGene	clustal	Stringent	0.9459479693056336
7	EvolvAGene	clustal	Moderate	0.9418404724527174
7	EvolvAGene	clustal	Relaxed	0.9418404724527174
8	EvolvAGene	mafft_local	Stringent	0.9949109414758268
8	EvolvAGene	mafft_local	Moderate	0.9949109414758268
8	EvolvAGene	mafft_local	Relaxed	0.9949109414758268
8	EvolvAGene	mafft_global	Stringent	0.9979095400988216
8	EvolvAGene	mafft_global	Moderate	0.9979095400988216
8	EvolvAGene	mafft_global	Relaxed	0.9979095400988216
8	EvolvAGene	muscle	Stringent	0.9968453059673128
8	EvolvAGene	muscle	Moderate	0.9968453059673128
8	EvolvAGene	muscle	Relaxed	0.9968453059673128
8	EvolvAGene	clustal	Stringent	0.954842133191828
8	EvolvAGene	clustal	Moderate	0.9501193317422434
8	EvolvAGene	clustal	Relaxed	0.9509729401033749
9	EvolvAGene	mafft_local	Stringent	0.9977234918133264
9	EvolvAGene	mafft_local	Moderate	0.9976072466245086
9	EvolvAGene	mafft_local	Relaxed	0.9970233432555224
9	EvolvAGene	mafft_global	Stringent	0.9966682740782956
9	EvolvAGene	mafft_global	Moderate	0.9971336898395722
9	EvolvAGene	mafft_global	Relaxed	0.99655644687928
9	EvolvAGene	muscle	Stringent	0.9977992755948834
9	EvolvAGene	muscle	Moderate	0.9980439300705
9	EvolvAGene	muscle	Relaxed	0.9981199326309192
9	EvolvAGene	clustal	Stringent	0.9617905333047762
9	EvolvAGene	clustal	Moderate	0.9616875252321356
9	EvolvAGene	clustal	Relaxed	0.9541510318949344
10	EvolvAGene	mafft_local	Stringent	0.982227341917966
10	EvolvAGene	mafft_local	Moderate	0.9829111137791652
10	EvolvAGene	mafft_local	Relaxed	0.9835442542020922
10	EvolvAGene	mafft_global	Stringent	0.996496867787669
10	EvolvAGene	mafft_global	Moderate	0.9965918203688852
10	EvolvAGene	mafft_global	Relaxed	0.9966643120634172
10	EvolvAGene	muscle	Stringent	0.995432098765432
10	EvolvAGene	muscle	Moderate	0.9961963484945549
10	EvolvAGene	muscle	Relaxed	0.9956501293204796
10	EvolvAGene	clustal	Stringent	0.8831839586814523
10	EvolvAGene	clustal	Moderate	0.8664548770443582
10	EvolvAGene	clustal	Relaxed	0.8664548770443582
11	EvolvAGene	mafft_local	Stringent	0.9997275416472052
11	EvolvAGene	mafft_local	Moderate	0.9997367827329472
11	EvolvAGene	mafft_local	Relaxed	0.9997367827329472
11	EvolvAGene	mafft_global	Stringent	0.9986374430645852
11	EvolvAGene	mafft_global	Moderate	0.998684754424862
11	EvolvAGene	mafft_global	Relaxed	0.998684754424862
11	EvolvAGene	muscle	Stringent	1.0
11	EvolvAGene	muscle	Moderate	1.0
11	EvolvAGene	muscle	Relaxed	1.0
11	EvolvAGene	clustal	Stringent	0.9736842105263158
11	EvolvAGene	clustal	Moderate	0.9804423047991576
11	EvolvAGene	clustal	Relaxed	0.9804423047991576
12	EvolvAGene	mafft_local	Stringent	0.9979871634195436
12	EvolvAGene	mafft_local	Moderate	0.9968464917220408
12	EvolvAGene	mafft_local	Relaxed	0.9965971131553362
12	EvolvAGene	mafft_global	Stringent	0.9973057073466909
12	EvolvAGene	mafft_global	Moderate	0.995457957957958
12	EvolvAGene	mafft_global	Relaxed	0.9954757898672648
12	EvolvAGene	muscle	Stringent	0.9985584765373088
12	EvolvAGene	muscle	Moderate	0.9985721264043887
12	EvolvAGene	muscle	Relaxed	0.99857773785463
12	EvolvAGene	clustal	Stringent	0.9571057853762784
12	EvolvAGene	clustal	Moderate	0.9539125902762268
12	EvolvAGene	clustal	Relaxed	0.9539125902762268
13	EvolvAGene	mafft_local	Stringent	0.9981884057971014
13	EvolvAGene	mafft_local	Moderate	0.99827295207442
13	EvolvAGene	mafft_local	Relaxed	0.998279098873592
13	EvolvAGene	mafft_global	Stringent	0.9961685823754788
13	EvolvAGene	mafft_global	Moderate	0.9988877855014896
13	EvolvAGene	mafft_global	Relaxed	0.9988936304725778
13	EvolvAGene	muscle	Stringent	0.9984560173593724
13	EvolvAGene	muscle	Moderate	0.9985274803995702
13	EvolvAGene	muscle	Relaxed	0.9985352335708628
13	EvolvAGene	clustal	Stringent	0.9832197439074762
13	EvolvAGene	clustal	Moderate	0.9817221135029354
13	EvolvAGene	clustal	Relaxed	0.9817221135029354
14	EvolvAGene	mafft_local	Stringent	0.9973499552105106
14	EvolvAGene	mafft_local	Moderate	0.9973582378330108
14	EvolvAGene	mafft_local	Relaxed	0.9973582378330108
14	EvolvAGene	mafft_global	Stringent	0.9934465296395592
14	EvolvAGene	mafft_global	Moderate	0.9934465296395592
14	EvolvAGene	mafft_global	Relaxed	0.9934465296395592
14	EvolvAGene	muscle	Stringent	0.9960166778348596
14	EvolvAGene	muscle	Moderate	0.9960166778348596
14	EvolvAGene	muscle	Relaxed	0.9960166778348596
14	EvolvAGene	clustal	Stringent	0.9498072109855916
14	EvolvAGene	clustal	Moderate	0.9427160129755234
14	EvolvAGene	clustal	Relaxed	0.9427160129755234
15	EvolvAGene	mafft_local	Stringent	0.9986477088323932
15	EvolvAGene	mafft_local	Moderate	0.9986542602276224
15	EvolvAGene	mafft_local	Relaxed	0.99820302045498
15	EvolvAGene	mafft_global	Stringent	0.9956998411653044
15	EvolvAGene	mafft_global	Moderate	0.9954904605897091
15	EvolvAGene	mafft_global	Relaxed	0.9957469634851909
15	EvolvAGene	muscle	Stringent	1.0
15	EvolvAGene	muscle	Moderate	1.0
15	EvolvAGene	muscle	Relaxed	0.9993856314556696
15	EvolvAGene	clustal	Stringent	0.9699522891077048
15	EvolvAGene	clustal	Moderate	0.9593523940750948
15	EvolvAGene	clustal	Relaxed	0.9593523940750948
16	EvolvAGene	mafft_local	Stringent	0.997067448680352
16	EvolvAGene	mafft_local	Moderate	0.9958325219084712
16	EvolvAGene	mafft_local	Relaxed	0.9940855496623041
16	EvolvAGene	mafft_global	Stringent	0.9947990735849824
16	EvolvAGene	mafft_global	Moderate	0.994661783042394
16	EvolvAGene	mafft_global	Relaxed	0.9947771720483396
16	EvolvAGene	muscle	Stringent	0.9983700745690884
16	EvolvAGene	muscle	Moderate	0.9984392680166998
16	EvolvAGene	muscle	Relaxed	0.9984730493205071
16	EvolvAGene	clustal	Stringent	0.9422246220302376
16	EvolvAGene	clustal	Moderate	0.9381054897739504
16	EvolvAGene	clustal	Relaxed	0.9373996789727128
17	EvolvAGene	mafft_local	Stringent	1.0
17	EvolvAGene	mafft_local	Moderate	1.0
17	EvolvAGene	mafft_local	Relaxed	1.0
17	EvolvAGene	mafft_global	Stringent	0.9993904761904762
17	EvolvAGene	mafft_global	Moderate	0.9940542549238202
17	EvolvAGene	mafft_global	Relaxed	0.9940542549238202
17	EvolvAGene	muscle	Stringent	0.9961956935250704
17	EvolvAGene	muscle	Moderate	0.9891635122096044
17	EvolvAGene	muscle	Relaxed	0.9891635122096044
17	EvolvAGene	clustal	Stringent	0.9414162827673366
17	EvolvAGene	clustal	Moderate	0.9217115449979228
17	EvolvAGene	clustal	Relaxed	0.9141664492564572
18	EvolvAGene	mafft_local	Stringent	0.9980949292691824
18	EvolvAGene	mafft_local	Moderate	0.99576597382602
18	EvolvAGene	mafft_local	Relaxed	0.9958366450929184
18	EvolvAGene	mafft_global	Stringent	0.9904100125970172
18	EvolvAGene	mafft_global	Moderate	0.992908348107608
18	EvolvAGene	mafft_global	Relaxed	0.9930268692916968
18	EvolvAGene	muscle	Stringent	0.9896248677679226
18	EvolvAGene	muscle	Moderate	0.9875462677359654
18	EvolvAGene	muscle	Relaxed	0.9872135377143724
18	EvolvAGene	clustal	Stringent	0.9260292030014196
18	EvolvAGene	clustal	Moderate	0.9033460076045629
18	EvolvAGene	clustal	Relaxed	0.9033460076045629
19	EvolvAGene	mafft_local	Stringent	0.9953017996496256
19	EvolvAGene	mafft_local	Moderate	0.9953017996496256
19	EvolvAGene	mafft_local	Relaxed	0.9972816589647004
19	EvolvAGene	mafft_global	Stringent	1.0
19	EvolvAGene	mafft_global	Moderate	1.0
19	EvolvAGene	mafft_global	Relaxed	1.0
19	EvolvAGene	muscle	Stringent	0.9994558880684028
19	EvolvAGene	muscle	Moderate	0.9994558880684028
19	EvolvAGene	muscle	Relaxed	0.9994558880684028
19	EvolvAGene	clustal	Stringent	0.9772809521894728
19	EvolvAGene	clustal	Moderate	0.9676649984360338
19	EvolvAGene	clustal	Relaxed	0.9676649984360338
20	EvolvAGene	mafft_local	Stringent	0.9978695652173912
20	EvolvAGene	mafft_local	Moderate	0.9985056146193588
20	EvolvAGene	mafft_local	Relaxed	0.9982207109248348
20	EvolvAGene	mafft_global	Stringent	0.9969167969428522
20	EvolvAGene	mafft_global	Moderate	0.9962899786780384
20	EvolvAGene	mafft_global	Relaxed	0.9970759078515826
20	EvolvAGene	muscle	Stringent	0.9953506561223604
20	EvolvAGene	muscle	Moderate	0.9955629506378258
20	EvolvAGene	muscle	Relaxed	0.9926081113131472
20	EvolvAGene	clustal	Stringent	0.9767098287998608
20	EvolvAGene	clustal	Moderate	0.9713948687702744
20	EvolvAGene	clustal	Relaxed	0.9656740617708705
21	EvolvAGene	mafft_local	Stringent	0.9898837024056076
21	EvolvAGene	mafft_local	Moderate	0.9868348005392972
21	EvolvAGene	mafft_local	Relaxed	0.9887796951172328
21	EvolvAGene	mafft_global	Stringent	0.993825428010104
21	EvolvAGene	mafft_global	Moderate	0.993825428010104
21	EvolvAGene	mafft_global	Relaxed	0.992354858739522
21	EvolvAGene	muscle	Stringent	0.9811833407680766
21	EvolvAGene	muscle	Moderate	0.9811833407680766
21	EvolvAGene	muscle	Relaxed	0.9803913878975646
21	EvolvAGene	clustal	Stringent	0.9642605881525256
21	EvolvAGene	clustal	Moderate	0.9524197241870642
21	EvolvAGene	clustal	Relaxed	0.929665145773722
22	EvolvAGene	mafft_local	Stringent	0.9880900393028704
22	EvolvAGene	mafft_local	Moderate	0.9880900393028704
22	EvolvAGene	mafft_local	Relaxed	0.9853669689810228
22	EvolvAGene	mafft_global	Stringent	0.9952261606396944
22	EvolvAGene	mafft_global	Moderate	0.9952261606396944
22	EvolvAGene	mafft_global	Relaxed	0.9950980392156864
22	EvolvAGene	muscle	Stringent	0.9961690410630912
22	EvolvAGene	muscle	Moderate	0.9961690410630912
22	EvolvAGene	muscle	Relaxed	0.9950833525389876
22	EvolvAGene	clustal	Stringent	0.9741998164840504
22	EvolvAGene	clustal	Moderate	0.9489937131786009
22	EvolvAGene	clustal	Relaxed	0.9494648318042812
23	EvolvAGene	mafft_local	Stringent	0.997564780640006
23	EvolvAGene	mafft_local	Moderate	0.997564780640006
23	EvolvAGene	mafft_local	Relaxed	0.997564780640006
23	EvolvAGene	mafft_global	Stringent	0.9943289944431758
23	EvolvAGene	mafft_global	Moderate	0.9943289944431758
23	EvolvAGene	mafft_global	Relaxed	0.9943289944431758
23	EvolvAGene	muscle	Stringent	0.993640033513596
23	EvolvAGene	muscle	Moderate	0.993640033513596
23	EvolvAGene	muscle	Relaxed	0.993640033513596
23	EvolvAGene	clustal	Stringent	0.9593136320305052
23	EvolvAGene	clustal	Moderate	0.9593136320305052
23	EvolvAGene	clustal	Relaxed	0.9593136320305052
24	EvolvAGene	mafft_local	Stringent	0.9970707525912572
24	EvolvAGene	mafft_local	Moderate	0.9979037952338924
24	EvolvAGene	mafft_local	Relaxed	0.9979037952338924
24	EvolvAGene	mafft_global	Stringent	0.9948208394076576
24	EvolvAGene	mafft_global	Moderate	0.995254910615758
24	EvolvAGene	mafft_global	Relaxed	0.995254910615758
24	EvolvAGene	muscle	Stringent	0.9970058730950828
24	EvolvAGene	muscle	Moderate	0.9971285524959506
24	EvolvAGene	muscle	Relaxed	0.9971285524959506
24	EvolvAGene	clustal	Stringent	0.9587028508354584
24	EvolvAGene	clustal	Moderate	0.9577412806790921
24	EvolvAGene	clustal	Relaxed	0.9577412806790921
25	EvolvAGene	mafft_local	Stringent	0.9967114728490976
25	EvolvAGene	mafft_local	Moderate	0.995949478955702
25	EvolvAGene	mafft_local	Relaxed	0.995949478955702
25	EvolvAGene	mafft_global	Stringent	0.9983126877649288
25	EvolvAGene	mafft_global	Moderate	0.9990409796761462
25	EvolvAGene	mafft_global	Relaxed	0.9990409796761462
25	EvolvAGene	muscle	Stringent	0.9989719549305042
25	EvolvAGene	muscle	Moderate	0.9985992848980796
25	EvolvAGene	muscle	Relaxed	0.9985992848980796
25	EvolvAGene	clustal	Stringent	0.9655172413793104
25	EvolvAGene	clustal	Moderate	0.959318408143695
25	EvolvAGene	clustal	Relaxed	0.959318408143695
26	EvolvAGene	mafft_local	Stringent	0.9937186477644492
26	EvolvAGene	mafft_local	Moderate	0.992330549309348
26	EvolvAGene	mafft_local	Relaxed	0.9941703343371168
26	EvolvAGene	mafft_global	Stringent	0.991718517220226
26	EvolvAGene	mafft_global	Moderate	0.988671058974771
26	EvolvAGene	mafft_global	Relaxed	0.9923510778026732
26	EvolvAGene	muscle	Stringent	0.9924348434493616
26	EvolvAGene	muscle	Moderate	0.9920736186830608
26	EvolvAGene	muscle	Relaxed	0.9920736186830608
26	EvolvAGene	clustal	Stringent	0.9743763404447454
26	EvolvAGene	clustal	Moderate	0.9399336690824224
26	EvolvAGene	clustal	Relaxed	0.9409212412350366
27	EvolvAGene	mafft_local	Stringent	0.9937665442746136
27	EvolvAGene	mafft_local	Moderate	0.9932313575525812
27	EvolvAGene	mafft_local	Relaxed	0.9952351909735456
27	EvolvAGene	mafft_global	Stringent	0.9952261509830892
27	EvolvAGene	mafft_global	Moderate	0.9944826514356764
27	EvolvAGene	mafft_global	Relaxed	0.9945731101429336
27	EvolvAGene	muscle	Stringent	0.9978083283522614
27	EvolvAGene	muscle	Moderate	0.9964982491245624
27	EvolvAGene	muscle	Relaxed	0.9965291021435656
27	EvolvAGene	clustal	Stringent	0.9446522064323112
27	EvolvAGene	clustal	Moderate	0.9110121087502856
27	EvolvAGene	clustal	Relaxed	0.9110121087502856
28	EvolvAGene	mafft_local	Stringent	0.9882905785378632
28	EvolvAGene	mafft_local	Moderate	0.9882905785378632
28	EvolvAGene	mafft_local	Relaxed	0.9882905785378632
28	EvolvAGene	mafft_global	Stringent	0.9966426118164629
28	EvolvAGene	mafft_global	Moderate	0.9966426118164629
28	EvolvAGene	mafft_global	Relaxed	0.9966426118164629
28	EvolvAGene	muscle	Stringent	0.9884401972872996
28	EvolvAGene	muscle	Moderate	0.9884401972872996
28	EvolvAGene	muscle	Relaxed	0.9884401972872996
28	EvolvAGene	clustal	Stringent	0.975241615648223
28	EvolvAGene	clustal	Moderate	0.9687451945256036
28	EvolvAGene	clustal	Relaxed	0.9687451945256036
29	EvolvAGene	mafft_local	Stringent	0.9949189057355392
29	EvolvAGene	mafft_local	Moderate	0.9931133314756578
29	EvolvAGene	mafft_local	Relaxed	0.9915432594803504
29	EvolvAGene	mafft_global	Stringent	0.9965927067699673
29	EvolvAGene	mafft_global	Moderate	0.9938092781459582
29	EvolvAGene	mafft_global	Relaxed	0.9940428456867912
29	EvolvAGene	muscle	Stringent	0.9955380683892426
29	EvolvAGene	muscle	Moderate	0.9925588281128253
29	EvolvAGene	muscle	Relaxed	0.993665331043694
29	EvolvAGene	clustal	Stringent	0.9277558752752036
29	EvolvAGene	clustal	Moderate	0.9614144161647562
29	EvolvAGene	clustal	Relaxed	0.9596697485066392
30	EvolvAGene	mafft_local	Stringent	0.9956981879092432
30	EvolvAGene	mafft_local	Moderate	0.9954523060598022
30	EvolvAGene	mafft_local	Relaxed	0.9954523060598022
30	EvolvAGene	mafft_global	Stringent	0.9994663413890372
30	EvolvAGene	mafft_global	Moderate	0.999468610035679
30	EvolvAGene	mafft_global	Relaxed	0.999468610035679
30	EvolvAGene	muscle	Stringent	0.9994654856444716
30	EvolvAGene	muscle	Moderate	0.9994681861348528
30	EvolvAGene	muscle	Relaxed	0.9994681861348528
30	EvolvAGene	clustal	Stringent	0.98597163267419
30	EvolvAGene	clustal	Moderate	0.9786798954822584
30	EvolvAGene	clustal	Relaxed	0.9786798954822584
31	EvolvAGene	mafft_local	Stringent	0.998090440011376
31	EvolvAGene	mafft_local	Moderate	0.9981260715282484
31	EvolvAGene	mafft_local	Relaxed	0.9984324176039504
31	EvolvAGene	mafft_global	Stringent	0.9952464144964044
31	EvolvAGene	mafft_global	Moderate	0.9953746162127676
31	EvolvAGene	mafft_global	Relaxed	0.9954148214915548
31	EvolvAGene	muscle	Stringent	0.9986997683962456
31	EvolvAGene	muscle	Moderate	0.9987240320586944
31	EvolvAGene	muscle	Relaxed	0.9987458357828728
31	EvolvAGene	clustal	Stringent	0.9438821472100049
31	EvolvAGene	clustal	Moderate	0.9332854807193844
31	EvolvAGene	clustal	Relaxed	0.94913992398417
32	EvolvAGene	mafft_local	Stringent	0.9944714232349644
32	EvolvAGene	mafft_local	Moderate	0.9944432177817032
32	EvolvAGene	mafft_local	Relaxed	0.9944432177817032
32	EvolvAGene	mafft_global	Stringent	0.9964082609997008
32	EvolvAGene	mafft_global	Moderate	0.9964617425917736
32	EvolvAGene	mafft_global	Relaxed	0.9964617425917736
32	EvolvAGene	muscle	Stringent	0.9976421273251244
32	EvolvAGene	muscle	Moderate	0.9994098989451944
32	EvolvAGene	muscle	Relaxed	0.9994098989451944
32	EvolvAGene	clustal	Stringent	0.9621586540861664
32	EvolvAGene	clustal	Moderate	0.961609449981543
32	EvolvAGene	clustal	Relaxed	0.961609449981543
33	EvolvAGene	mafft_local	Stringent	0.9977530573154559
33	EvolvAGene	mafft_local	Moderate	0.9977530573154559
33	EvolvAGene	mafft_local	Relaxed	0.9977530573154559
33	EvolvAGene	mafft_global	Stringent	0.9956813999774682
33	EvolvAGene	mafft_global	Moderate	0.9960072461089134
33	EvolvAGene	mafft_global	Relaxed	0.9960072461089134
33	EvolvAGene	muscle	Stringent	1.0
33	EvolvAGene	muscle	Moderate	1.0
33	EvolvAGene	muscle	Relaxed	1.0
33	EvolvAGene	clustal	Stringent	0.9475277870093424
33	EvolvAGene	clustal	Moderate	0.9475277870093424
33	EvolvAGene	clustal	Relaxed	0.9475277870093424
34	EvolvAGene	mafft_local	Stringent	0.9994636837266322
34	EvolvAGene	mafft_local	Moderate	0.99946830731837
34	EvolvAGene	mafft_local	Relaxed	0.99946830731837
34	EvolvAGene	mafft_global	Stringent	0.9967755556408584
34	EvolvAGene	mafft_global	Moderate	0.9962706446457112
34	EvolvAGene	mafft_global	Relaxed	0.9962706446457112
34	EvolvAGene	muscle	Stringent	0.9991173535958248
34	EvolvAGene	muscle	Moderate	0.9991245099158768
34	EvolvAGene	muscle	Relaxed	0.9991245099158768
34	EvolvAGene	clustal	Stringent	0.9612441466478852
34	EvolvAGene	clustal	Moderate	0.9612441466478852
34	EvolvAGene	clustal	Relaxed	0.9612441466478852
35	EvolvAGene	mafft_local	Stringent	0.9986089030206676
35	EvolvAGene	mafft_local	Moderate	0.9983675373134328
35	EvolvAGene	mafft_local	Relaxed	0.9880617186620116
35	EvolvAGene	mafft_global	Stringent	0.9960493046776232
35	EvolvAGene	mafft_global	Moderate	0.9933353529233564
35	EvolvAGene	mafft_global	Relaxed	0.9907376030724048
35	EvolvAGene	muscle	Stringent	0.9998442064264847
35	EvolvAGene	muscle	Moderate	0.9995808406051138
35	EvolvAGene	muscle	Relaxed	0.99958637286606
35	EvolvAGene	clustal	Stringent	0.8994039296489807
35	EvolvAGene	clustal	Moderate	0.8860289985388333
35	EvolvAGene	clustal	Relaxed	0.8860289985388333
36	EvolvAGene	mafft_local	Stringent	0.9971248876909254
36	EvolvAGene	mafft_local	Moderate	0.9971248876909254
36	EvolvAGene	mafft_local	Relaxed	0.9971248876909254
36	EvolvAGene	mafft_global	Stringent	0.9995687796463992
36	EvolvAGene	mafft_global	Moderate	0.9995687796463992
36	EvolvAGene	mafft_global	Relaxed	0.9995687796463992
36	EvolvAGene	muscle	Stringent	0.9994250395285325
36	EvolvAGene	muscle	Moderate	0.9994250395285325
36	EvolvAGene	muscle	Relaxed	0.9994250395285325
36	EvolvAGene	clustal	Stringent	0.9827375386607208
36	EvolvAGene	clustal	Moderate	0.9827375386607208
36	EvolvAGene	clustal	Relaxed	0.9808314752211752
37	EvolvAGene	mafft_local	Stringent	0.99221509133027
37	EvolvAGene	mafft_local	Moderate	0.9922254247572816
37	EvolvAGene	mafft_local	Relaxed	0.992323822362016
37	EvolvAGene	mafft_global	Stringent	0.9969948265368228
37	EvolvAGene	mafft_global	Moderate	0.9969996202050893
37	EvolvAGene	mafft_global	Relaxed	0.997037648117594
37	EvolvAGene	muscle	Stringent	0.9942559342665857
37	EvolvAGene	muscle	Moderate	0.990597137933618
37	EvolvAGene	muscle	Relaxed	0.990597137933618
37	EvolvAGene	clustal	Stringent	0.9381236141906872
37	EvolvAGene	clustal	Moderate	0.9370031722336256
37	EvolvAGene	clustal	Relaxed	0.9370031722336256
38	EvolvAGene	mafft_local	Stringent	0.9909864436111911
38	EvolvAGene	mafft_local	Moderate	0.9984032573549958
38	EvolvAGene	mafft_local	Relaxed	0.9947942583732058
38	EvolvAGene	mafft_global	Stringent	0.9890175610286522
38	EvolvAGene	mafft_global	Moderate	0.9854747235709332
38	EvolvAGene	mafft_global	Relaxed	0.9961837946187648
38	EvolvAGene	muscle	Stringent	0.994679118253882
38	EvolvAGene	muscle	Moderate	0.9878921749089868
38	EvolvAGene	muscle	Relaxed	0.9896907216494846
38	EvolvAGene	clustal	Stringent	0.9817650094615517
38	EvolvAGene	clustal	Moderate	0.9209150665079447
38	EvolvAGene	clustal	Relaxed	0.9463909630480568
39	EvolvAGene	mafft_local	Stringent	0.9983562287190324
39	EvolvAGene	mafft_local	Moderate	0.998357835470754
39	EvolvAGene	mafft_local	Relaxed	0.9966154548220262
39	EvolvAGene	mafft_global	Stringent	0.9945269741985928
39	EvolvAGene	mafft_global	Moderate	0.9945269741985928
39	EvolvAGene	mafft_global	Relaxed	0.9953992395437262
39	EvolvAGene	muscle	Stringent	0.9912911036475824
39	EvolvAGene	muscle	Moderate	0.9912911036475824
39	EvolvAGene	muscle	Relaxed	0.9915044382643148
39	EvolvAGene	clustal	Stringent	0.935113407981625
39	EvolvAGene	clustal	Moderate	0.8852190847127556
39	EvolvAGene	clustal	Relaxed	0.9195741258473441
40	EvolvAGene	mafft_local	Stringent	0.9981187130461492
40	EvolvAGene	mafft_local	Moderate	0.9981233962697712
40	EvolvAGene	mafft_local	Relaxed	0.9992845308028316
40	EvolvAGene	mafft_global	Stringent	0.9946916951955996
40	EvolvAGene	mafft_global	Moderate	0.9947075743048898
40	EvolvAGene	mafft_global	Relaxed	0.9987948177161796
40	EvolvAGene	muscle	Stringent	1.0
40	EvolvAGene	muscle	Moderate	1.0
40	EvolvAGene	muscle	Relaxed	1.0
40	EvolvAGene	clustal	Stringent	0.9672643869891576
40	EvolvAGene	clustal	Moderate	0.9387135467426344
40	EvolvAGene	clustal	Relaxed	0.9387135467426344
41	EvolvAGene	mafft_local	Stringent	0.9997246696035242
41	EvolvAGene	mafft_local	Moderate	0.9997258020290649
41	EvolvAGene	mafft_local	Relaxed	0.9997383275391574
41	EvolvAGene	mafft_global	Stringent	1.0
41	EvolvAGene	mafft_global	Moderate	1.0
41	EvolvAGene	mafft_global	Relaxed	1.0
41	EvolvAGene	muscle	Stringent	0.9995282462554548
41	EvolvAGene	muscle	Moderate	0.9997259415864068
41	EvolvAGene	muscle	Relaxed	0.9995514186385556
41	EvolvAGene	clustal	Stringent	0.9489184258535314
41	EvolvAGene	clustal	Moderate	0.9489184258535314
41	EvolvAGene	clustal	Relaxed	0.9489184258535314
42	EvolvAGene	mafft_local	Stringent	0.9997177760754749
42	EvolvAGene	mafft_local	Moderate	0.999733739064283
42	EvolvAGene	mafft_local	Relaxed	0.999733739064283
42	EvolvAGene	mafft_global	Stringent	0.9962874783099956
42	EvolvAGene	mafft_global	Moderate	0.9965005705591479
42	EvolvAGene	mafft_global	Relaxed	0.9965005705591479
42	EvolvAGene	muscle	Stringent	0.9994350054481618
42	EvolvAGene	muscle	Moderate	0.9994674376141204
42	EvolvAGene	muscle	Relaxed	0.9994674376141204
42	EvolvAGene	clustal	Stringent	0.9700526969709952
42	EvolvAGene	clustal	Moderate	0.9657086374695864
42	EvolvAGene	clustal	Relaxed	0.9657086374695864
43	EvolvAGene	mafft_local	Stringent	0.9973023448848308
43	EvolvAGene	mafft_local	Moderate	0.9989013903095048
43	EvolvAGene	mafft_local	Relaxed	0.9989013903095048
43	EvolvAGene	mafft_global	Stringent	0.9954526491447644
43	EvolvAGene	mafft_global	Moderate	0.9958594491927826
43	EvolvAGene	mafft_global	Relaxed	0.9958594491927826
43	EvolvAGene	muscle	Stringent	0.9983726946507552
43	EvolvAGene	muscle	Moderate	0.9985182933779112
43	EvolvAGene	muscle	Relaxed	0.9985182933779112
43	EvolvAGene	clustal	Stringent	0.9676140118968936
43	EvolvAGene	clustal	Moderate	0.9311040097390246
43	EvolvAGene	clustal	Relaxed	0.9311040097390246
44	EvolvAGene	mafft_local	Stringent	0.9955886519082116
44	EvolvAGene	mafft_local	Moderate	0.9958039804442392
44	EvolvAGene	mafft_local	Relaxed	0.9966217513148298
44	EvolvAGene	mafft_global	Stringent	0.9967233009708738
44	EvolvAGene	mafft_global	Moderate	0.9972586872586872
44	EvolvAGene	mafft_global	Relaxed	0.9963521867680376
44	EvolvAGene	muscle	Stringent	0.9990263691683571
44	EvolvAGene	muscle	Moderate	0.9993819291536292
44	EvolvAGene	muscle	Relaxed	0.9993853246254322
44	EvolvAGene	clustal	Stringent	0.950061761072878
44	EvolvAGene	clustal	Moderate	0.9201366483203643
44	EvolvAGene	clustal	Relaxed	0.9201366483203643
45	EvolvAGene	mafft_local	Stringent	0.9964093357271095
45	EvolvAGene	mafft_local	Moderate	0.9964093357271095
45	EvolvAGene	mafft_local	Relaxed	0.9971424330141764
45	EvolvAGene	mafft_global	Stringent	0.994805591627836
45	EvolvAGene	mafft_global	Moderate	0.994805591627836
45	EvolvAGene	mafft_global	Relaxed	0.9958440016327136
45	EvolvAGene	muscle	Stringent	0.9975889781859932
45	EvolvAGene	muscle	Moderate	0.9976622509184014
45	EvolvAGene	muscle	Relaxed	0.9976622509184014
45	EvolvAGene	clustal	Stringent	0.9809228039041704
45	EvolvAGene	clustal	Moderate	0.9777149447524088
45	EvolvAGene	clustal	Relaxed	0.9777149447524088
46	EvolvAGene	mafft_local	Stringent	0.9985041456534748
46	EvolvAGene	mafft_local	Moderate	0.9974513532100812
46	EvolvAGene	mafft_local	Relaxed	0.9986280428050645
46	EvolvAGene	mafft_global	Stringent	0.9953388924524268
46	EvolvAGene	mafft_global	Moderate	0.9941693323075678
46	EvolvAGene	mafft_global	Relaxed	0.9961971223585684
46	EvolvAGene	muscle	Stringent	0.9949370375178502
46	EvolvAGene	muscle	Moderate	0.9970143149284254
46	EvolvAGene	muscle	Relaxed	0.9943699944492904
46	EvolvAGene	clustal	Stringent	0.9591218214074512
46	EvolvAGene	clustal	Moderate	0.9152026615815312
46	EvolvAGene	clustal	Relaxed	0.916321947760312
47	EvolvAGene	mafft_local	Stringent	0.994218677469722
47	EvolvAGene	mafft_local	Moderate	0.9935889632785556
47	EvolvAGene	mafft_local	Relaxed	0.9939610647596344
47	EvolvAGene	mafft_global	Stringent	0.993894942129139
47	EvolvAGene	mafft_global	Moderate	0.9941358527447468
47	EvolvAGene	mafft_global	Relaxed	0.9942709369405212
47	EvolvAGene	muscle	Stringent	0.9970729224112332
47	EvolvAGene	muscle	Moderate	0.9975552114742074
47	EvolvAGene	muscle	Relaxed	0.9976115600493612
47	EvolvAGene	clustal	Stringent	0.9362260191846524
47	EvolvAGene	clustal	Moderate	0.9206005138086064
47	EvolvAGene	clustal	Relaxed	0.9193401637723012
48	EvolvAGene	mafft_local	Stringent	0.9985648221974168
48	EvolvAGene	mafft_local	Moderate	0.9995395241749808
48	EvolvAGene	mafft_local	Relaxed	0.9995395241749808
48	EvolvAGene	mafft_global	Stringent	0.9949195935674854
48	EvolvAGene	mafft_global	Moderate	0.9992681329686838
48	EvolvAGene	mafft_global	Relaxed	0.9992681329686838
48	EvolvAGene	muscle	Stringent	0.9991997759372624
48	EvolvAGene	muscle	Moderate	0.9990753582986592
48	EvolvAGene	muscle	Relaxed	0.9990753582986592
48	EvolvAGene	clustal	Stringent	0.9733891881109116
48	EvolvAGene	clustal	Moderate	0.9765342960288808
48	EvolvAGene	clustal	Relaxed	0.9765342960288808
49	EvolvAGene	mafft_local	Stringent	0.9949609759793892
49	EvolvAGene	mafft_local	Moderate	0.994948377581121
49	EvolvAGene	mafft_local	Relaxed	0.994948377581121
49	EvolvAGene	mafft_global	Stringent	0.9980690595184007
49	EvolvAGene	mafft_global	Moderate	0.9981194690265488
49	EvolvAGene	mafft_global	Relaxed	0.9981194690265488
49	EvolvAGene	muscle	Stringent	0.9967439042859306
49	EvolvAGene	muscle	Moderate	0.9968289085545724
49	EvolvAGene	muscle	Relaxed	0.9968289085545724
49	EvolvAGene	clustal	Stringent	0.9484713156990724
49	EvolvAGene	clustal	Moderate	0.9478743068391868
49	EvolvAGene	clustal	Relaxed	0.9478743068391868
50	EvolvAGene	mafft_local	Stringent	0.996730094945436
50	EvolvAGene	mafft_local	Moderate	0.9967586987932988
50	EvolvAGene	mafft_local	Relaxed	0.9967586987932988
50	EvolvAGene	mafft_global	Stringent	0.9853126476610491
50	EvolvAGene	mafft_global	Moderate	0.9854450384360244
50	EvolvAGene	mafft_global	Relaxed	0.9854450384360244
50	EvolvAGene	muscle	Stringent	0.9884210940884566
50	EvolvAGene	muscle	Moderate	0.9885254859105456
50	EvolvAGene	muscle	Relaxed	0.9885254859105456
50	EvolvAGene	clustal	Stringent	0.9011978221415607
50	EvolvAGene	clustal	Moderate	0.906766157553146
50	EvolvAGene	clustal	Relaxed	0.906766157553146
51	EvolvAGene	mafft_local	Stringent	0.996386766532425
51	EvolvAGene	mafft_local	Moderate	0.9979792687946712
51	EvolvAGene	mafft_local	Relaxed	0.9979792687946712
51	EvolvAGene	mafft_global	Stringent	0.9980037664783428
51	EvolvAGene	mafft_global	Moderate	0.9980163185867206
51	EvolvAGene	mafft_global	Relaxed	0.9980163185867206
51	EvolvAGene	muscle	Stringent	0.9997738068310336
51	EvolvAGene	muscle	Moderate	1.0
51	EvolvAGene	muscle	Relaxed	1.0
51	EvolvAGene	clustal	Stringent	0.9667968023796244
51	EvolvAGene	clustal	Moderate	0.9667968023796244
51	EvolvAGene	clustal	Relaxed	0.9667968023796244
52	EvolvAGene	mafft_local	Stringent	0.9855223133495052
52	EvolvAGene	mafft_local	Moderate	0.9855223133495052
52	EvolvAGene	mafft_local	Relaxed	0.9855417980466046
52	EvolvAGene	mafft_global	Stringent	0.9969298927405564
52	EvolvAGene	mafft_global	Moderate	0.9969298927405564
52	EvolvAGene	mafft_global	Relaxed	0.9969407117685783
52	EvolvAGene	muscle	Stringent	0.9841954022988506
52	EvolvAGene	muscle	Moderate	0.9841954022988506
52	EvolvAGene	muscle	Relaxed	0.9842510544441436
52	EvolvAGene	clustal	Stringent	0.9502162219175192
52	EvolvAGene	clustal	Moderate	0.9433728406538074
52	EvolvAGene	clustal	Relaxed	0.9433728406538074
53	EvolvAGene	mafft_local	Stringent	0.9734409734409736
53	EvolvAGene	mafft_local	Moderate	0.9734409734409736
53	EvolvAGene	mafft_local	Relaxed	0.9736183323704988
53	EvolvAGene	mafft_global	Stringent	0.9944403116557692
53	EvolvAGene	mafft_global	Moderate	0.9944403116557692
53	EvolvAGene	mafft_global	Relaxed	0.9954378503769572
53	EvolvAGene	muscle	Stringent	0.9895298223599076
53	EvolvAGene	muscle	Moderate	0.9895298223599076
53	EvolvAGene	muscle	Relaxed	0.9907454017424976
53	EvolvAGene	clustal	Stringent	0.8817691102211388
53	EvolvAGene	clustal	Moderate	0.9258133645041886
53	EvolvAGene	clustal	Relaxed	0.9262263422170722
54	EvolvAGene	mafft_local	Stringent	0.9807441382309912
54	EvolvAGene	mafft_local	Moderate	0.9809980881033205
54	EvolvAGene	mafft_local	Relaxed	0.9809980881033205
54	EvolvAGene	mafft_global	Stringent	0.9771826968784662
54	EvolvAGene	mafft_global	Moderate	0.977484168556016
54	EvolvAGene	mafft_global	Relaxed	0.977484168556016
54	EvolvAGene	muscle	Stringent	0.9978155339805824
54	EvolvAGene	muscle	Moderate	0.9967938692524242
54	EvolvAGene	muscle	Relaxed	0.9967938692524242
54	EvolvAGene	clustal	Stringent	0.9439564710454722
54	EvolvAGene	clustal	Moderate	0.9168753913587976
54	EvolvAGene	clustal	Relaxed	0.9168753913587976
55	EvolvAGene	mafft_local	Stringent	0.9970562260818367
55	EvolvAGene	mafft_local	Moderate	0.9923324168377028
55	EvolvAGene	mafft_local	Relaxed	0.9923881285560512
55	EvolvAGene	mafft_global	Stringent	0.9943806089071542
55	EvolvAGene	mafft_global	Moderate	0.9932825968781548
55	EvolvAGene	mafft_global	Relaxed	0.9935628107774735
55	EvolvAGene	muscle	Stringent	0.9931379193493732
55	EvolvAGene	muscle	Moderate	0.9947462640099628
55	EvolvAGene	muscle	Relaxed	0.9943210353486576
55	EvolvAGene	clustal	Stringent	0.901439645625692
55	EvolvAGene	clustal	Moderate	0.8993416315193911
55	EvolvAGene	clustal	Relaxed	0.8826505192963628
56	EvolvAGene	mafft_local	Stringent	0.9948030856678848
56	EvolvAGene	mafft_local	Moderate	0.9948339185534972
56	EvolvAGene	mafft_local	Relaxed	0.9948293691830404
56	EvolvAGene	mafft_global	Stringent	0.9971185064935064
56	EvolvAGene	mafft_global	Moderate	0.9971355952717149
56	EvolvAGene	mafft_global	Relaxed	0.9971762647152402
56	EvolvAGene	muscle	Stringent	0.9960684176394292
56	EvolvAGene	muscle	Moderate	0.9960917039365004
56	EvolvAGene	muscle	Relaxed	0.9950294257992685
56	EvolvAGene	clustal	Stringent	0.9270932823941421
56	EvolvAGene	clustal	Moderate	0.8919061428948062
56	EvolvAGene	clustal	Relaxed	0.9378727437892492
57	EvolvAGene	mafft_local	Stringent	0.9987186527548966
57	EvolvAGene	mafft_local	Moderate	0.9989884027602152
57	EvolvAGene	mafft_local	Relaxed	0.9989884027602152
57	EvolvAGene	mafft_global	Stringent	0.9988650924400512
57	EvolvAGene	mafft_global	Moderate	0.9997471006900538
57	EvolvAGene	mafft_global	Relaxed	0.9997471006900538
57	EvolvAGene	muscle	Stringent	0.9984624958816856
57	EvolvAGene	muscle	Moderate	0.9984827137747914
57	EvolvAGene	muscle	Relaxed	0.9984827137747914
57	EvolvAGene	clustal	Stringent	0.9655297532656024
57	EvolvAGene	clustal	Moderate	0.9651297665651732
57	EvolvAGene	clustal	Relaxed	0.9651297665651732
58	EvolvAGene	mafft_local	Stringent	0.9972521181589192
58	EvolvAGene	mafft_local	Moderate	0.9920803914976278
58	EvolvAGene	mafft_local	Relaxed	0.9920803914976278
58	EvolvAGene	mafft_global	Stringent	0.9937208055746994
58	EvolvAGene	mafft_global	Moderate	0.997004418482738
58	EvolvAGene	mafft_global	Relaxed	0.997004418482738
58	EvolvAGene	muscle	Stringent	0.9923103408699644
58	EvolvAGene	muscle	Moderate	0.9937467235827157
58	EvolvAGene	muscle	Relaxed	0.9937467235827157
58	EvolvAGene	clustal	Stringent	0.9728966903804516
58	EvolvAGene	clustal	Moderate	0.9723026516306004
58	EvolvAGene	clustal	Relaxed	0.9720046471536185
59	EvolvAGene	mafft_local	Stringent	0.9944092154140558
59	EvolvAGene	mafft_local	Moderate	0.9944092154140558
59	EvolvAGene	mafft_local	Relaxed	0.994416548002698
59	EvolvAGene	mafft_global	Stringent	0.9945189022787853
59	EvolvAGene	mafft_global	Moderate	0.9945189022787853
59	EvolvAGene	mafft_global	Relaxed	0.9945318352059924
59	EvolvAGene	muscle	Stringent	0.995082028756992
59	EvolvAGene	muscle	Moderate	0.995082028756992
59	EvolvAGene	muscle	Relaxed	0.9950936329588016
59	EvolvAGene	clustal	Stringent	0.9801970345307992
59	EvolvAGene	clustal	Moderate	0.9733243667339162
59	EvolvAGene	clustal	Relaxed	0.9733243667339162
60	EvolvAGene	mafft_local	Stringent	0.9927424675610292
60	EvolvAGene	mafft_local	Moderate	0.9912294626557664
60	EvolvAGene	mafft_local	Relaxed	0.9912294626557664
60	EvolvAGene	mafft_global	Stringent	0.98913578222368
60	EvolvAGene	mafft_global	Moderate	0.9896131805157592
60	EvolvAGene	mafft_global	Relaxed	0.9896131805157592
60	EvolvAGene	muscle	Stringent	0.99301046362546
60	EvolvAGene	muscle	Moderate	0.9892831339808944
60	EvolvAGene	muscle	Relaxed	0.9892831339808944
60	EvolvAGene	clustal	Stringent	0.9518924655111426
60	EvolvAGene	clustal	Moderate	0.9274727680770704
60	EvolvAGene	clustal	Relaxed	0.928650617675008
61	EvolvAGene	mafft_local	Stringent	0.9939174622728671
61	EvolvAGene	mafft_local	Moderate	0.9939174622728671
61	EvolvAGene	mafft_local	Relaxed	0.9935933672508008
61	EvolvAGene	mafft_global	Stringent	0.9983811909809212
61	EvolvAGene	mafft_global	Moderate	0.9983811909809212
61	EvolvAGene	mafft_global	Relaxed	0.9979625716872924
61	EvolvAGene	muscle	Stringent	0.9858801743759886
61	EvolvAGene	muscle	Moderate	0.9858801743759886
61	EvolvAGene	muscle	Relaxed	0.9875259875259876
61	EvolvAGene	clustal	Stringent	0.9550375315906604
61	EvolvAGene	clustal	Moderate	0.9550375315906604
61	EvolvAGene	clustal	Relaxed	0.9550375315906604
62	EvolvAGene	mafft_local	Stringent	0.997399319233564
62	EvolvAGene	mafft_local	Moderate	0.997399319233564
62	EvolvAGene	mafft_local	Relaxed	0.9977001960488614
62	EvolvAGene	mafft_global	Stringent	0.9917712798530312
62	EvolvAGene	mafft_global	Moderate	0.9917712798530312
62	EvolvAGene	mafft_global	Relaxed	0.9923410677230712
62	EvolvAGene	muscle	Stringent	1.0
62	EvolvAGene	muscle	Moderate	1.0
62	EvolvAGene	muscle	Relaxed	1.0
62	EvolvAGene	clustal	Stringent	0.9611665212939436
62	EvolvAGene	clustal	Moderate	0.9611665212939436
62	EvolvAGene	clustal	Relaxed	0.9611665212939436
63	EvolvAGene	mafft_local	Stringent	0.9978000996181304
63	EvolvAGene	mafft_local	Moderate	0.9978083777860479
63	EvolvAGene	mafft_local	Relaxed	0.9887172229429572
63	EvolvAGene	mafft_global	Stringent	0.9700330640773448
63	EvolvAGene	mafft_global	Moderate	0.9700330640773448
63	EvolvAGene	mafft_global	Relaxed	0.9717665615141956
63	EvolvAGene	muscle	Stringent	0.9842789647531044
63	EvolvAGene	muscle	Moderate	0.9842789647531044
63	EvolvAGene	muscle	Relaxed	0.9838461234645918
63	EvolvAGene	clustal	Stringent	0.9650777278420394
63	EvolvAGene	clustal	Moderate	0.945215864655654
63	EvolvAGene	clustal	Relaxed	0.9474016244775648
64	EvolvAGene	mafft_local	Stringent	0.9968070953436808
64	EvolvAGene	mafft_local	Moderate	0.9960332693538068
64	EvolvAGene	mafft_local	Relaxed	0.9997577910544164
64	EvolvAGene	mafft_global	Stringent	0.9985532145763631
64	EvolvAGene	mafft_global	Moderate	0.998567719989258
64	EvolvAGene	mafft_global	Relaxed	0.9980424143556279
64	EvolvAGene	muscle	Stringent	0.9826380956732308
64	EvolvAGene	muscle	Moderate	0.9706557450830372
64	EvolvAGene	muscle	Relaxed	0.9823853211009176
64	EvolvAGene	clustal	Stringent	0.9930858806404658
64	EvolvAGene	clustal	Moderate	0.909779670734704
64	EvolvAGene	clustal	Relaxed	0.8962025316455696
65	EvolvAGene	mafft_local	Stringent	0.9933883011823272
65	EvolvAGene	mafft_local	Moderate	0.989235170129479
65	EvolvAGene	mafft_local	Relaxed	0.989235170129479
65	EvolvAGene	mafft_global	Stringent	0.9796974057796274
65	EvolvAGene	mafft_global	Moderate	0.9782821439325504
65	EvolvAGene	mafft_global	Relaxed	0.9782821439325504
65	EvolvAGene	muscle	Stringent	0.9851338729763388
65	EvolvAGene	muscle	Moderate	0.9852309547132846
65	EvolvAGene	muscle	Relaxed	0.9852309547132846
65	EvolvAGene	clustal	Stringent	0.9527125378653762
65	EvolvAGene	clustal	Moderate	0.9205158176539346
65	EvolvAGene	clustal	Relaxed	0.9205158176539346
66	EvolvAGene	mafft_local	Stringent	0.9966596275676712
66	EvolvAGene	mafft_local	Moderate	0.9964506872073704
66	EvolvAGene	mafft_local	Relaxed	0.9964506872073704
66	EvolvAGene	mafft_global	Stringent	0.9912126537785588
66	EvolvAGene	mafft_global	Moderate	0.9911658767772512
66	EvolvAGene	mafft_global	Relaxed	0.9911658767772512
66	EvolvAGene	muscle	Stringent	0.9870495278473694
66	EvolvAGene	muscle	Moderate	0.9852600387493826
66	EvolvAGene	muscle	Relaxed	0.9852600387493826
66	EvolvAGene	clustal	Stringent	0.9795563733006236
66	EvolvAGene	clustal	Moderate	0.9459908390798812
66	EvolvAGene	clustal	Relaxed	0.9258068177518822
67	EvolvAGene	mafft_local	Stringent	0.9874898247718606
67	EvolvAGene	mafft_local	Moderate	0.9875491226022334
67	EvolvAGene	mafft_local	Relaxed	0.9875491226022334
67	EvolvAGene	mafft_global	Stringent	0.9933592949374872
67	EvolvAGene	mafft_global	Moderate	0.9936372862830822
67	EvolvAGene	mafft_global	Relaxed	0.9936372862830822
67	EvolvAGene	muscle	Stringent	0.9917376710560291
67	EvolvAGene	muscle	Moderate	0.9919134307367764
67	EvolvAGene	muscle	Relaxed	0.9919134307367764
67	EvolvAGene	clustal	Stringent	0.9651598676957
67	EvolvAGene	clustal	Moderate	0.9465416087694921
67	EvolvAGene	clustal	Relaxed	0.9465416087694921
68	EvolvAGene	mafft_local	Stringent	0.9992798119930256
68	EvolvAGene	mafft_local	Moderate	0.9992798119930256
68	EvolvAGene	mafft_local	Relaxed	0.9977091783085474
68	EvolvAGene	mafft_global	Stringent	0.99704343870821
68	EvolvAGene	mafft_global	Moderate	0.99704343870821
68	EvolvAGene	mafft_global	Relaxed	0.9970707525912572
68	EvolvAGene	muscle	Stringent	0.9994686907020872
68	EvolvAGene	muscle	Moderate	0.9994686907020872
68	EvolvAGene	muscle	Relaxed	0.9994736050533914
68	EvolvAGene	clustal	Stringent	0.9471085479538632
68	EvolvAGene	clustal	Moderate	0.9456419161224568
68	EvolvAGene	clustal	Relaxed	0.9456419161224568
69	EvolvAGene	mafft_local	Stringent	0.9986383442265796
69	EvolvAGene	mafft_local	Moderate	0.9976993865030674
69	EvolvAGene	mafft_local	Relaxed	0.9987221147175872
69	EvolvAGene	mafft_global	Stringent	0.9970847747502624
69	EvolvAGene	mafft_global	Moderate	0.9930626551774498
69	EvolvAGene	mafft_global	Relaxed	0.9930679703746944
69	EvolvAGene	muscle	Stringent	0.9985007496251874
69	EvolvAGene	muscle	Moderate	0.9985756546510354
69	EvolvAGene	muscle	Relaxed	0.9985767462229036
69	EvolvAGene	clustal	Stringent	0.9749057619816908
69	EvolvAGene	clustal	Moderate	0.961514541796232
69	EvolvAGene	clustal	Relaxed	0.961514541796232
70	EvolvAGene	mafft_local	Stringent	0.98095477808541
70	EvolvAGene	mafft_local	Moderate	0.9871501773748522
70	EvolvAGene	mafft_local	Relaxed	0.9873731505151444
70	EvolvAGene	mafft_global	Stringent	0.9828257864533154
70	EvolvAGene	mafft_global	Moderate	0.9838608093213668
70	EvolvAGene	mafft_global	Relaxed	0.9841404920315644
70	EvolvAGene	muscle	Stringent	0.9992496643235133
70	EvolvAGene	muscle	Moderate	0.9992496643235133
70	EvolvAGene	muscle	Relaxed	0.999262508248263
70	EvolvAGene	clustal	Stringent	0.9661799441700666
70	EvolvAGene	clustal	Moderate	0.9507569721115536
70	EvolvAGene	clustal	Relaxed	0.955210061340226
71	EvolvAGene	mafft_local	Stringent	0.9986323961224408
71	EvolvAGene	mafft_local	Moderate	0.9986430967547396
71	EvolvAGene	mafft_local	Relaxed	0.9986430967547396
71	EvolvAGene	mafft_global	Stringent	0.9958241218373864
71	EvolvAGene	mafft_global	Moderate	0.9964863231071482
71	EvolvAGene	mafft_global	Relaxed	0.9964863231071482
71	EvolvAGene	muscle	Stringent	0.9970958769633508
71	EvolvAGene	muscle	Moderate	0.9966397341991996
71	EvolvAGene	muscle	Relaxed	0.9966397341991996
71	EvolvAGene	clustal	Stringent	0.933687429583132
71	EvolvAGene	clustal	Moderate	0.9414414414414416
71	EvolvAGene	clustal	Relaxed	0.9414414414414416
72	EvolvAGene	mafft_local	Stringent	0.9977462067855274
72	EvolvAGene	mafft_local	Moderate	0.9955035274052252
72	EvolvAGene	mafft_local	Relaxed	0.9955483920485072
72	EvolvAGene	mafft_global	Stringent	0.9988657538685894
72	EvolvAGene	mafft_global	Moderate	0.9985947929271244
72	EvolvAGene	mafft_global	Relaxed	0.9990735379270412
72	EvolvAGene	muscle	Stringent	0.9980082793095368
72	EvolvAGene	muscle	Moderate	0.9980082793095368
72	EvolvAGene	muscle	Relaxed	0.9980332420654816
72	EvolvAGene	clustal	Stringent	0.9342211244160448
72	EvolvAGene	clustal	Moderate	0.9249739894416401
72	EvolvAGene	clustal	Relaxed	0.9249739894416401
73	EvolvAGene	mafft_local	Stringent	0.9967823488853136
73	EvolvAGene	mafft_local	Moderate	0.9967823488853136
73	EvolvAGene	mafft_local	Relaxed	0.9968065693430656
73	EvolvAGene	mafft_global	Stringent	0.9907332329433568
73	EvolvAGene	mafft_global	Moderate	0.9907332329433568
73	EvolvAGene	mafft_global	Relaxed	0.9915315936697704
73	EvolvAGene	muscle	Stringent	0.9930957340121884
73	EvolvAGene	muscle	Moderate	0.9930957340121884
73	EvolvAGene	muscle	Relaxed	0.9931480630837544
73	EvolvAGene	clustal	Stringent	0.960774851785468
73	EvolvAGene	clustal	Moderate	0.9521721048054748
73	EvolvAGene	clustal	Relaxed	0.9507731861318008
74	EvolvAGene	mafft_local	Stringent	0.9948963443582846
74	EvolvAGene	mafft_local	Moderate	0.9949715443985344
74	EvolvAGene	mafft_local	Relaxed	0.9950723862637992
74	EvolvAGene	mafft_global	Stringent	0.9957275100878236
74	EvolvAGene	mafft_global	Moderate	0.9954786404739632
74	EvolvAGene	mafft_global	Relaxed	0.9958748710897216
74	EvolvAGene	muscle	Stringent	0.9945057116882092
74	EvolvAGene	muscle	Moderate	0.9945846968988624
74	EvolvAGene	muscle	Relaxed	0.994692833416059
74	EvolvAGene	clustal	Stringent	0.9640455800127398
74	EvolvAGene	clustal	Moderate	0.8967520972831524
74	EvolvAGene	clustal	Relaxed	0.8956675508399646
75	EvolvAGene	mafft_local	Stringent	0.9902904926088852
75	EvolvAGene	mafft_local	Moderate	0.9920127190824092
75	EvolvAGene	mafft_local	Relaxed	0.9920127190824092
75	EvolvAGene	mafft_global	Stringent	0.989326667460223
75	EvolvAGene	mafft_global	Moderate	0.991288868689164
75	EvolvAGene	mafft_global	Relaxed	0.991288868689164
75	EvolvAGene	muscle	Stringent	0.9965351069337688
75	EvolvAGene	muscle	Moderate	0.9971563981042654
75	EvolvAGene	muscle	Relaxed	0.9971563981042654
75	EvolvAGene	clustal	Stringent	0.9717066993787346
75	EvolvAGene	clustal	Moderate	0.9653604184036988
75	EvolvAGene	clustal	Relaxed	0.9653604184036988
76	EvolvAGene	mafft_local	Stringent	0.9995323278381856
76	EvolvAGene	mafft_local	Moderate	0.9973657083953728
76	EvolvAGene	mafft_local	Relaxed	0.9979775280898876
76	EvolvAGene	mafft_global	Stringent	0.9988312295465172
76	EvolvAGene	mafft_global	Moderate	0.9985869233119462
76	EvolvAGene	mafft_global	Relaxed	0.9986137649394928
76	EvolvAGene	muscle	Stringent	1.0
76	EvolvAGene	muscle	Moderate	1.0
76	EvolvAGene	muscle	Relaxed	1.0
76	EvolvAGene	clustal	Stringent	0.968748797290536
76	EvolvAGene	clustal	Moderate	0.9637805881912744
76	EvolvAGene	clustal	Relaxed	0.9625458355159768
77	EvolvAGene	mafft_local	Stringent	0.9972547654951088
77	EvolvAGene	mafft_local	Moderate	0.9973424165294206
77	EvolvAGene	mafft_local	Relaxed	0.9973424165294206
77	EvolvAGene	mafft_global	Stringent	0.9942022263450836
77	EvolvAGene	mafft_global	Moderate	0.9948337825696316
77	EvolvAGene	mafft_global	Relaxed	0.9948337825696316
77	EvolvAGene	muscle	Stringent	0.9986471861471862
77	EvolvAGene	muscle	Moderate	0.9986897274633124
77	EvolvAGene	muscle	Relaxed	0.9986897274633124
77	EvolvAGene	clustal	Stringent	0.9538294405214556
77	EvolvAGene	clustal	Moderate	0.9523844896746396
77	EvolvAGene	clustal	Relaxed	0.9523844896746396
78	EvolvAGene	mafft_local	Stringent	0.9972674484800182
78	EvolvAGene	mafft_local	Moderate	0.9973637961335676
78	EvolvAGene	mafft_local	Relaxed	0.9973637961335676
78	EvolvAGene	mafft_global	Stringent	0.9960407015876788
78	EvolvAGene	mafft_global	Moderate	0.9948910206932041
78	EvolvAGene	mafft_global	Relaxed	0.9948910206932041
78	EvolvAGene	muscle	Stringent	0.9988122104763036
78	EvolvAGene	muscle	Moderate	0.9988973425956555
78	EvolvAGene	muscle	Relaxed	0.9988973425956555
78	EvolvAGene	clustal	Stringent	0.9613104904189672
78	EvolvAGene	clustal	Moderate	0.9555326131042364
78	EvolvAGene	clustal	Relaxed	0.9555326131042364
79	EvolvAGene	mafft_local	Stringent	0.9972879490606084
79	EvolvAGene	mafft_local	Moderate	0.997571674761084
79	EvolvAGene	mafft_local	Relaxed	0.9981308411214952
79	EvolvAGene	mafft_global	Stringent	0.9984590461891026
79	EvolvAGene	mafft_global	Moderate	0.9962746558958472
79	EvolvAGene	mafft_global	Relaxed	0.9959517262450353
79	EvolvAGene	muscle	Stringent	0.9966052184897171
79	EvolvAGene	muscle	Moderate	0.9966295657626588
79	EvolvAGene	muscle	Relaxed	0.9967184340061817
79	EvolvAGene	clustal	Stringent	0.9471793029105282
79	EvolvAGene	clustal	Moderate	0.9328761904761904
79	EvolvAGene	clustal	Relaxed	0.9310895607529948
80	EvolvAGene	mafft_local	Stringent	0.988739012435695
80	EvolvAGene	mafft_local	Moderate	0.986946606904144
80	EvolvAGene	mafft_local	Relaxed	0.9853711117955036
80	EvolvAGene	mafft_global	Stringent	0.9986995041859708
80	EvolvAGene	mafft_global	Moderate	0.9985062305908252
80	EvolvAGene	mafft_global	Relaxed	0.9987684255089866
80	EvolvAGene	muscle	Stringent	0.9945039169845372
80	EvolvAGene	muscle	Moderate	0.9951516114930652
80	EvolvAGene	muscle	Relaxed	0.998220502901354
80	EvolvAGene	clustal	Stringent	0.9803921568627452
80	EvolvAGene	clustal	Moderate	0.9734073527699056
80	EvolvAGene	clustal	Relaxed	0.9656634328928272
81	EvolvAGene	mafft_local	Stringent	0.9954890609728592
81	EvolvAGene	mafft_local	Moderate	0.9959483793517409
81	EvolvAGene	mafft_local	Relaxed	0.9959852793576448
81	EvolvAGene	mafft_global	Stringent	0.98487861618701
81	EvolvAGene	mafft_global	Moderate	0.98487861618701
81	EvolvAGene	mafft_global	Relaxed	0.9909729187562688
81	EvolvAGene	muscle	Stringent	0.993849846246156
81	EvolvAGene	muscle	Moderate	0.993849846246156
81	EvolvAGene	muscle	Relaxed	0.9939058377615102
81	EvolvAGene	clustal	Stringent	0.9433066191748292
81	EvolvAGene	clustal	Moderate	0.9579010675086452
81	EvolvAGene	clustal	Relaxed	0.9370002603295028
82	EvolvAGene	mafft_local	Stringent	0.9979826747359676
82	EvolvAGene	mafft_local	Moderate	0.999203096539162
82	EvolvAGene	mafft_local	Relaxed	0.999203096539162
82	EvolvAGene	mafft_global	Stringent	0.9970720898947536
82	EvolvAGene	mafft_global	Moderate	0.9971918639951428
82	EvolvAGene	mafft_global	Relaxed	0.9971918639951428
82	EvolvAGene	muscle	Stringent	0.9981404549950544
82	EvolvAGene	muscle	Moderate	0.9987856248339722
82	EvolvAGene	muscle	Relaxed	0.9987856248339722
82	EvolvAGene	clustal	Stringent	0.9631782141226286
82	EvolvAGene	clustal	Moderate	0.959479015918958
82	EvolvAGene	clustal	Relaxed	0.959479015918958
83	EvolvAGene	mafft_local	Stringent	0.9994443415447304
83	EvolvAGene	mafft_local	Moderate	0.9994512128196684
83	EvolvAGene	mafft_local	Relaxed	0.9994512128196684
83	EvolvAGene	mafft_global	Stringent	0.9980362369854384
83	EvolvAGene	mafft_global	Moderate	0.9974389931584532
83	EvolvAGene	mafft_global	Relaxed	0.9974389931584532
83	EvolvAGene	muscle	Stringent	0.9994069681245368
83	EvolvAGene	muscle	Moderate	0.9991577559689468
83	EvolvAGene	muscle	Relaxed	0.9991577559689468
83	EvolvAGene	clustal	Stringent	0.9852864291582644
83	EvolvAGene	clustal	Moderate	0.9783373652957994
83	EvolvAGene	clustal	Relaxed	0.9783373652957994
84	EvolvAGene	mafft_local	Stringent	0.9968052410223228
84	EvolvAGene	mafft_local	Moderate	0.9968052410223228
84	EvolvAGene	mafft_local	Relaxed	0.9967058471213596
84	EvolvAGene	mafft_global	Stringent	1.0
84	EvolvAGene	mafft_global	Moderate	1.0
84	EvolvAGene	mafft_global	Relaxed	1.0
84	EvolvAGene	muscle	Stringent	1.0
84	EvolvAGene	muscle	Moderate	1.0
84	EvolvAGene	muscle	Relaxed	0.9995507973347308
84	EvolvAGene	clustal	Stringent	0.9273363974611512
84	EvolvAGene	clustal	Moderate	0.9261477045908184
84	EvolvAGene	clustal	Relaxed	0.925389378870332
85	EvolvAGene	mafft_local	Stringent	0.9911052610585936
85	EvolvAGene	mafft_local	Moderate	0.9914843287995267
85	EvolvAGene	mafft_local	Relaxed	0.9914843287995267
85	EvolvAGene	mafft_global	Stringent	0.9976432993808668
85	EvolvAGene	mafft_global	Moderate	0.9979470172529512
85	EvolvAGene	mafft_global	Relaxed	0.9979470172529512
85	EvolvAGene	muscle	Stringent	0.9970370955635444
85	EvolvAGene	muscle	Moderate	0.9970370955635444
85	EvolvAGene	muscle	Relaxed	0.9970370955635444
85	EvolvAGene	clustal	Stringent	0.9502092499195192
85	EvolvAGene	clustal	Moderate	0.9176875358390242
85	EvolvAGene	clustal	Relaxed	0.9155585368740876
86	EvolvAGene	mafft_local	Stringent	0.9975838601860428
86	EvolvAGene	mafft_local	Moderate	0.9990381918005852
86	EvolvAGene	mafft_local	Relaxed	0.9995413194709885
86	EvolvAGene	mafft_global	Stringent	0.9962820771873104
86	EvolvAGene	mafft_global	Moderate	0.9982312979860916
86	EvolvAGene	mafft_global	Relaxed	0.998772676715376
86	EvolvAGene	muscle	Stringent	1.0
86	EvolvAGene	muscle	Moderate	1.0
86	EvolvAGene	muscle	Relaxed	1.0
86	EvolvAGene	clustal	Stringent	0.9333740831295844
86	EvolvAGene	clustal	Moderate	0.9680512502583178
86	EvolvAGene	clustal	Relaxed	0.9694002447980417
87	EvolvAGene	mafft_local	Stringent	0.9966696015005934
87	EvolvAGene	mafft_local	Moderate	0.997158671586716
87	EvolvAGene	mafft_local	Relaxed	0.997158671586716
87	EvolvAGene	mafft_global	Stringent	0.9882488479262672
87	EvolvAGene	mafft_global	Moderate	0.9877439182434185
87	EvolvAGene	mafft_global	Relaxed	0.9877439182434185
87	EvolvAGene	muscle	Stringent	0.9975413929545542
87	EvolvAGene	muscle	Moderate	0.9976319100125804
87	EvolvAGene	muscle	Relaxed	0.9976319100125804
87	EvolvAGene	clustal	Stringent	0.9638200533739992
87	EvolvAGene	clustal	Moderate	0.959670131043832
87	EvolvAGene	clustal	Relaxed	0.9600178028336176
88	EvolvAGene	mafft_local	Stringent	0.9963169062012092
88	EvolvAGene	mafft_local	Moderate	0.9927264461870668
88	EvolvAGene	mafft_local	Relaxed	0.9927264461870668
88	EvolvAGene	mafft_global	Stringent	0.9979409746053536
88	EvolvAGene	mafft_global	Moderate	0.9988166132233928
88	EvolvAGene	mafft_global	Relaxed	0.9988166132233928
88	EvolvAGene	muscle	Stringent	0.9986246511063468
88	EvolvAGene	muscle	Moderate	0.9983550114766642
88	EvolvAGene	muscle	Relaxed	0.9983550114766642
88	EvolvAGene	clustal	Stringent	0.9548872180451128
88	EvolvAGene	clustal	Moderate	0.9696739089075758
88	EvolvAGene	clustal	Relaxed	0.9696739089075758
89	EvolvAGene	mafft_local	Stringent	0.9976999156635744
89	EvolvAGene	mafft_local	Moderate	0.9977307110438728
89	EvolvAGene	mafft_local	Relaxed	0.9977813112450542
89	EvolvAGene	mafft_global	Stringent	0.9989262156772512
89	EvolvAGene	mafft_global	Moderate	0.9992047261985912
89	EvolvAGene	mafft_global	Relaxed	0.9992223086323742
89	EvolvAGene	muscle	Stringent	1.0
89	EvolvAGene	muscle	Moderate	1.0
89	EvolvAGene	muscle	Relaxed	1.0
89	EvolvAGene	clustal	Stringent	0.9754887367272006
89	EvolvAGene	clustal	Moderate	0.9729929707732148
89	EvolvAGene	clustal	Relaxed	0.9729929707732148
90	EvolvAGene	mafft_local	Stringent	0.9966576732573592
90	EvolvAGene	mafft_local	Moderate	0.9967514677103718
90	EvolvAGene	mafft_local	Relaxed	0.9968567749753844
90	EvolvAGene	mafft_global	Stringent	0.998710249486115
90	EvolvAGene	mafft_global	Moderate	0.9978888106966924
90	EvolvAGene	mafft_global	Relaxed	0.9979561712274329
90	EvolvAGene	muscle	Stringent	1.0
90	EvolvAGene	muscle	Moderate	1.0
90	EvolvAGene	muscle	Relaxed	1.0
90	EvolvAGene	clustal	Stringent	0.9534088589508064
90	EvolvAGene	clustal	Moderate	0.9371478274023372
90	EvolvAGene	clustal	Relaxed	0.9355982051958824
91	EvolvAGene	mafft_local	Stringent	0.99577017976736
91	EvolvAGene	mafft_local	Moderate	0.99577017976736
91	EvolvAGene	mafft_local	Relaxed	0.9958475912184244
91	EvolvAGene	mafft_global	Stringent	0.9937136570799936
91	EvolvAGene	mafft_global	Moderate	0.9935590867016352
91	EvolvAGene	mafft_global	Relaxed	0.9935590867016352
91	EvolvAGene	muscle	Stringent	0.994383346425766
91	EvolvAGene	muscle	Moderate	0.9936750356743416
91	EvolvAGene	muscle	Relaxed	0.9936750356743416
91	EvolvAGene	clustal	Stringent	0.9189268651231164
91	EvolvAGene	clustal	Moderate	0.9405422057917436
91	EvolvAGene	clustal	Relaxed	0.9405422057917436
92	EvolvAGene	mafft_local	Stringent	0.9933227344992049
92	EvolvAGene	mafft_local	Moderate	0.9967915664031168
92	EvolvAGene	mafft_local	Relaxed	0.9968121442125236
92	EvolvAGene	mafft_global	Stringent	0.9982499403388752
92	EvolvAGene	mafft_global	Moderate	0.9982911294081094
92	EvolvAGene	mafft_global	Relaxed	0.9983223395737216
92	EvolvAGene	muscle	Stringent	1.0
92	EvolvAGene	muscle	Moderate	1.0
92	EvolvAGene	muscle	Relaxed	1.0
92	EvolvAGene	clustal	Stringent	0.9279849133697404
92	EvolvAGene	clustal	Moderate	0.917423898228078
92	EvolvAGene	clustal	Relaxed	0.917423898228078
93	EvolvAGene	mafft_local	Stringent	0.989811055590256
93	EvolvAGene	mafft_local	Moderate	0.989811055590256
93	EvolvAGene	mafft_local	Relaxed	0.9892891175910044
93	EvolvAGene	mafft_global	Stringent	0.9953535590176096
93	EvolvAGene	mafft_global	Moderate	0.9953535590176096
93	EvolvAGene	mafft_global	Relaxed	0.9954651118478716
93	EvolvAGene	muscle	Stringent	0.989221697192174
93	EvolvAGene	muscle	Moderate	0.989221697192174
93	EvolvAGene	muscle	Relaxed	0.9890947914283535
93	EvolvAGene	clustal	Stringent	0.9551506657323056
93	EvolvAGene	clustal	Moderate	0.9421776548332564
93	EvolvAGene	clustal	Relaxed	0.9406649812303683
94	EvolvAGene	mafft_local	Stringent	0.9997343352688908
94	EvolvAGene	mafft_local	Moderate	0.9997411434065528
94	EvolvAGene	mafft_local	Relaxed	0.9997411434065528
94	EvolvAGene	mafft_global	Stringent	0.9984048007900034
94	EvolvAGene	mafft_global	Moderate	0.998446917871538
94	EvolvAGene	mafft_global	Relaxed	0.998446917871538
94	EvolvAGene	muscle	Stringent	0.9992937590603278
94	EvolvAGene	muscle	Moderate	0.9992946766649344
94	EvolvAGene	muscle	Relaxed	0.9992946766649344
94	EvolvAGene	clustal	Stringent	0.9550267562336332
94	EvolvAGene	clustal	Moderate	0.9533865281128224
94	EvolvAGene	clustal	Relaxed	0.9533865281128224
95	EvolvAGene	mafft_local	Stringent	0.9974039856455676
95	EvolvAGene	mafft_local	Moderate	0.9960790285126956
95	EvolvAGene	mafft_local	Relaxed	0.9976883431862968
95	EvolvAGene	mafft_global	Stringent	0.9963528869778868
95	EvolvAGene	mafft_global	Moderate	0.995023542472151
95	EvolvAGene	mafft_global	Relaxed	0.9963904403662752
95	EvolvAGene	muscle	Stringent	0.9951363357843136
95	EvolvAGene	muscle	Moderate	0.9938137243670524
95	EvolvAGene	muscle	Relaxed	0.9951862942046016
95	EvolvAGene	clustal	Stringent	0.9589961117002476
95	EvolvAGene	clustal	Moderate	0.9674177831912302
95	EvolvAGene	clustal	Relaxed	0.9674177831912302
96	EvolvAGene	mafft_local	Stringent	0.99956133354602
96	EvolvAGene	mafft_local	Moderate	0.9993488835267532
96	EvolvAGene	mafft_local	Relaxed	0.9979933363622596
96	EvolvAGene	mafft_global	Stringent	0.9993190739405592
96	EvolvAGene	mafft_global	Moderate	0.999308038288548
96	EvolvAGene	mafft_global	Relaxed	0.9993172507965408
96	EvolvAGene	muscle	Stringent	0.9985217738713544
96	EvolvAGene	muscle	Moderate	0.9989993842364532
96	EvolvAGene	muscle	Relaxed	0.9985938509482004
96	EvolvAGene	clustal	Stringent	0.9438799255352156
96	EvolvAGene	clustal	Moderate	0.9495367557715676
96	EvolvAGene	clustal	Relaxed	0.9495367557715676
97	EvolvAGene	mafft_local	Stringent	1.0
97	EvolvAGene	mafft_local	Moderate	0.9992353904969962
97	EvolvAGene	mafft_local	Relaxed	0.9992353904969962
97	EvolvAGene	mafft_global	Stringent	0.9965227359572028
97	EvolvAGene	mafft_global	Moderate	0.996937212863706
97	EvolvAGene	mafft_global	Relaxed	0.996937212863706
97	EvolvAGene	muscle	Stringent	0.9981276270538784
97	EvolvAGene	muscle	Moderate	0.9992343032159264
97	EvolvAGene	muscle	Relaxed	0.9992343032159264
97	EvolvAGene	clustal	Stringent	0.9953583364277756
97	EvolvAGene	clustal	Moderate	0.976851007983668
97	EvolvAGene	clustal	Relaxed	0.976851007983668
98	EvolvAGene	mafft_local	Stringent	0.999538568022764
98	EvolvAGene	mafft_local	Moderate	0.9992900115840216
98	EvolvAGene	mafft_local	Relaxed	0.9992900115840216
98	EvolvAGene	mafft_global	Stringent	0.9983827493261456
98	EvolvAGene	mafft_global	Moderate	0.999551015826692
98	EvolvAGene	mafft_global	Relaxed	0.999551015826692
98	EvolvAGene	muscle	Stringent	0.9993068124927792
98	EvolvAGene	muscle	Moderate	0.9974953271028038
98	EvolvAGene	muscle	Relaxed	0.9974953271028038
98	EvolvAGene	clustal	Stringent	0.9666133089412304
98	EvolvAGene	clustal	Moderate	0.9636248084040524
98	EvolvAGene	clustal	Relaxed	0.9636248084040524
99	EvolvAGene	mafft_local	Stringent	0.99738249261489
99	EvolvAGene	mafft_local	Moderate	0.99738249261489
99	EvolvAGene	mafft_local	Relaxed	0.99738249261489
99	EvolvAGene	mafft_global	Stringent	1.0
99	EvolvAGene	mafft_global	Moderate	1.0
99	EvolvAGene	mafft_global	Relaxed	1.0
99	EvolvAGene	muscle	Stringent	1.0
99	EvolvAGene	muscle	Moderate	1.0
99	EvolvAGene	muscle	Relaxed	1.0
99	EvolvAGene	clustal	Stringent	0.9519733240431992
99	EvolvAGene	clustal	Moderate	0.9498446681887937
99	EvolvAGene	clustal	Relaxed	0.9460450497642744
100	EvolvAGene	mafft_local	Stringent	0.9969670163022872
100	EvolvAGene	mafft_local	Moderate	0.9973753280839897
100	EvolvAGene	mafft_local	Relaxed	0.9974364860728496
100	EvolvAGene	mafft_global	Stringent	0.995482754253388
100	EvolvAGene	mafft_global	Moderate	0.9951815724526972
100	EvolvAGene	mafft_global	Relaxed	0.9971303948576676
100	EvolvAGene	muscle	Stringent	0.996708027348696
100	EvolvAGene	muscle	Moderate	0.9942778757593572
100	EvolvAGene	muscle	Relaxed	0.9947555793744975
100	EvolvAGene	clustal	Stringent	0.8865476322501941
100	EvolvAGene	clustal	Moderate	0.8956831714196177
100	EvolvAGene	clustal	Relaxed	0.8720240359017266
